{
    "original_model": {
        "MAE": 3.1406184793170846,
        "RMSE": 5.1716964135746295,
        "R2": 0.7041531731933132
    },
    "tuned_model": {
        "MAE": 3.1077445807786788,
        "RMSE": 5.220646458024367,
        "R2": 0.6985262961341256
    },
    "best_hyperparameters": {
        "colsample_bytree": 0.9796582926365544,
        "gamma": 0.4433401936490238,
        "learning_rate": 0.0360893623341714,
        "max_depth": 8,
        "min_child_weight": 1,
        "n_estimators": 1515,
        "reg_alpha": 0.658693631618945,
        "reg_lambda": 0.8258688541628594,
        "subsample": 0.6282274989601719
    }
}